controller,gait,speed,period,step_width,command_df,achieved_df_median,achieved_df_q025,achieved_df_q975,compliance_rate,trials
adaptive_seed3,trot,0.25,0.48,0.1,0.5,0.5625,0.5619140625,0.5625,0.0,32
adaptive_seed3,trot,0.25,0.48,0.1,0.55,0.59375,0.59375,0.59375,0.0,32
adaptive_seed3,trot,0.25,0.48,0.1,0.6,0.6354166666666666,0.6354166666666666,0.6354166666666666,0.0,32
adaptive_seed3,trot,0.25,0.48,0.1,0.65,0.6666666666666666,0.6666666666666666,0.6666666666666666,1.0,32
adaptive_seed3,trot,0.25,0.48,0.1,0.7,0.7083333333333334,0.7083333333333334,0.7083333333333334,1.0,32
adaptive_seed3,trot,0.25,0.48,0.1,0.75,0.75,0.75,0.75,1.0,32
adaptive_seed3,trot,0.25,0.48,0.2,0.5,0.5520833333333334,0.5520833333333334,0.5546875,0.0,32
adaptive_seed3,trot,0.25,0.48,0.2,0.55,0.59375,0.59375,0.59375,0.0,32
adaptive_seed3,trot,0.25,0.48,0.2,0.6,0.625,0.625,0.625,1.0,32
adaptive_seed3,trot,0.25,0.48,0.2,0.65,0.6666666666666666,0.6666666666666666,0.6666666666666666,1.0,32
adaptive_seed3,trot,0.25,0.48,0.2,0.7,0.7083333333333334,0.7083333333333334,0.7083333333333334,1.0,32
adaptive_seed3,trot,0.25,0.48,0.2,0.75,0.75,0.75,0.75,1.0,32
adaptive_seed3,trot,0.25,0.48,0.3,0.5,0.5416666666666667,0.5416666666666667,0.5416666666666667,0.0,32
adaptive_seed3,trot,0.25,0.48,0.3,0.55,0.5833333333333334,0.5833333333333334,0.5833333333333334,1.0,32
adaptive_seed3,trot,0.25,0.48,0.3,0.6,0.625,0.625,0.625,1.0,32
adaptive_seed3,trot,0.25,0.48,0.3,0.65,0.6666666666666666,0.6666666666666666,0.6666666666666666,1.0,32
adaptive_seed3,trot,0.25,0.48,0.3,0.7,0.7083333333333334,0.7083333333333334,0.7083333333333334,1.0,32
adaptive_seed3,trot,0.25,0.48,0.3,0.75,0.75,0.75,0.75,1.0,32
adaptive_seed3,trot,0.25,0.48,0.4,0.5,0.5416666666666667,0.5416666666666667,0.5416666666666667,0.0,32
adaptive_seed3,trot,0.25,0.48,0.4,0.55,0.5833333333333334,0.5833333333333334,0.5833333333333334,1.0,32
adaptive_seed3,trot,0.25,0.48,0.4,0.6,0.625,0.625,0.625,1.0,32
adaptive_seed3,trot,0.25,0.48,0.4,0.65,0.6666666666666666,0.6666666666666666,0.6666666666666666,1.0,32
adaptive_seed3,trot,0.25,0.48,0.4,0.7,0.7083333333333334,0.7083333333333334,0.7083333333333334,1.0,32
adaptive_seed3,trot,0.25,0.48,0.4,0.75,0.75,0.75,0.75,1.0,32
adaptive_seed3,trot,0.25,0.48,0.5,0.5,0.5442708333333334,0.5416666666666667,0.5494791666666667,0.0,32
adaptive_seed3,trot,0.25,0.48,0.5,0.55,0.5833333333333334,0.5833333333333334,0.5833333333333334,1.0,32
adaptive_seed3,trot,0.25,0.48,0.5,0.6,0.625,0.625,0.625,1.0,32
adaptive_seed3,trot,0.25,0.48,0.5,0.65,0.6666666666666666,0.6666666666666666,0.6666666666666666,1.0,32
adaptive_seed3,trot,0.25,0.48,0.5,0.7,0.7083333333333334,0.7083333333333334,0.7083333333333334,1.0,32
adaptive_seed3,trot,0.25,0.48,0.5,0.75,0.75,0.75,0.75,1.0,32
adaptive_seed3,trot,0.3,0.48,0.1,0.5,0.5520833333333334,0.5520833333333333,0.5552734375,0.0,32
adaptive_seed3,trot,0.3,0.48,0.1,0.55,0.59375,0.59375,0.59375,0.0,32
adaptive_seed3,trot,0.3,0.48,0.1,0.6,0.625,0.625,0.625,1.0,32
adaptive_seed3,trot,0.3,0.48,0.1,0.65,0.6666666666666666,0.6666666666666666,0.6666666666666666,1.0,32
adaptive_seed3,trot,0.3,0.48,0.1,0.7,0.7083333333333334,0.7083333333333334,0.7083333333333334,1.0,32
adaptive_seed3,trot,0.3,0.48,0.1,0.75,0.75,0.75,0.75,1.0,32
adaptive_seed3,trot,0.3,0.48,0.2,0.5,0.5520833333333334,0.5520833333333334,0.5520833333333334,0.0,32
adaptive_seed3,trot,0.3,0.48,0.2,0.55,0.5885416666666666,0.5885416666666666,0.5917317708333334,0.0,32
adaptive_seed3,trot,0.3,0.48,0.2,0.6,0.625,0.625,0.625,1.0,32
adaptive_seed3,trot,0.3,0.48,0.2,0.65,0.6666666666666666,0.6666666666666666,0.6666666666666666,1.0,32
adaptive_seed3,trot,0.3,0.48,0.2,0.7,0.7083333333333334,0.7083333333333334,0.7083333333333334,1.0,32
adaptive_seed3,trot,0.3,0.48,0.2,0.75,0.75,0.75,0.75,1.0,32
adaptive_seed3,trot,0.3,0.48,0.3,0.5,0.5416666666666667,0.5416666666666667,0.5416666666666667,0.0,32
adaptive_seed3,trot,0.3,0.48,0.3,0.55,0.5833333333333334,0.5833333333333334,0.5833333333333334,1.0,32
adaptive_seed3,trot,0.3,0.48,0.3,0.6,0.625,0.625,0.625,1.0,32
adaptive_seed3,trot,0.3,0.48,0.3,0.65,0.6666666666666666,0.6666666666666666,0.6666666666666666,1.0,32
adaptive_seed3,trot,0.3,0.48,0.3,0.7,0.7083333333333334,0.7083333333333334,0.7083333333333334,1.0,32
adaptive_seed3,trot,0.3,0.48,0.3,0.75,0.75,0.75,0.75,1.0,32
adaptive_seed3,trot,0.3,0.48,0.4,0.5,0.5390625,0.53125,0.5448567708333334,0.0,32
adaptive_seed3,trot,0.3,0.48,0.4,0.55,0.5833333333333334,0.5833333333333334,0.5833333333333334,1.0,32
adaptive_seed3,trot,0.3,0.48,0.4,0.6,0.625,0.625,0.625,1.0,32
adaptive_seed3,trot,0.3,0.48,0.4,0.65,0.6666666666666666,0.6666666666666666,0.6666666666666666,1.0,32
adaptive_seed3,trot,0.3,0.48,0.4,0.7,0.7083333333333334,0.7083333333333334,0.7083333333333334,1.0,32
adaptive_seed3,trot,0.3,0.48,0.4,0.75,0.75,0.75,0.75,1.0,32
adaptive_seed3,trot,0.3,0.48,0.5,0.5,0.5416666666666667,0.5416666666666667,0.5422526041666668,0.0,32
adaptive_seed3,trot,0.3,0.48,0.5,0.55,0.5833333333333334,0.5833333333333334,0.5833333333333334,1.0,32
adaptive_seed3,trot,0.3,0.48,0.5,0.6,0.625,0.625,0.625,1.0,32
adaptive_seed3,trot,0.3,0.48,0.5,0.65,0.6666666666666666,0.6666666666666666,0.6666666666666666,1.0,32
adaptive_seed3,trot,0.3,0.48,0.5,0.7,0.7083333333333334,0.7083333333333334,0.7083333333333334,1.0,32
adaptive_seed3,trot,0.3,0.48,0.5,0.75,0.75,0.75,0.75,1.0,32
adaptive_seed3,trot,0.35,0.48,0.1,0.5,0.5520833333333334,0.5494791666666666,0.5520833333333334,0.0,32
adaptive_seed3,trot,0.35,0.48,0.1,0.55,0.59375,0.5879557291666666,0.59375,0.0,32
adaptive_seed3,trot,0.35,0.48,0.1,0.6,0.625,0.625,0.625,1.0,32
adaptive_seed3,trot,0.35,0.48,0.1,0.65,0.6666666666666666,0.6666666666666666,0.6666666666666666,1.0,32
adaptive_seed3,trot,0.35,0.48,0.1,0.7,0.7083333333333334,0.7083333333333334,0.7083333333333334,1.0,32
adaptive_seed3,trot,0.35,0.48,0.1,0.75,0.75,0.75,0.75,1.0,32
adaptive_seed3,trot,0.35,0.48,0.2,0.5,0.546875,0.546875,0.5520833333333334,0.0,32
adaptive_seed3,trot,0.35,0.48,0.2,0.55,0.5833333333333334,0.5833333333333334,0.5859375,0.84375,32
adaptive_seed3,trot,0.35,0.48,0.2,0.6,0.625,0.625,0.625,1.0,32
adaptive_seed3,trot,0.35,0.48,0.2,0.65,0.6666666666666666,0.6666666666666666,0.6666666666666666,1.0,32
adaptive_seed3,trot,0.35,0.48,0.2,0.7,0.7083333333333334,0.7083333333333334,0.7083333333333334,1.0,32
adaptive_seed3,trot,0.35,0.48,0.2,0.75,0.75,0.75,0.75,1.0,32
adaptive_seed3,trot,0.35,0.48,0.3,0.5,0.5520833333333334,0.5494791666666667,0.5520833333333334,0.0,32
adaptive_seed3,trot,0.35,0.48,0.3,0.55,0.5833333333333334,0.5833333333333334,0.5833333333333334,1.0,32
adaptive_seed3,trot,0.35,0.48,0.3,0.6,0.625,0.625,0.625,1.0,32
adaptive_seed3,trot,0.35,0.48,0.3,0.65,0.6666666666666666,0.6666666666666666,0.6666666666666666,1.0,32
adaptive_seed3,trot,0.35,0.48,0.3,0.7,0.7083333333333334,0.7083333333333334,0.7083333333333334,1.0,32
adaptive_seed3,trot,0.35,0.48,0.3,0.75,0.75,0.75,0.75,1.0,32
adaptive_seed3,trot,0.35,0.48,0.4,0.5,0.5338541666666666,0.53125,0.5396484375000001,0.0,32
adaptive_seed3,trot,0.35,0.48,0.4,0.55,0.5833333333333334,0.5833333333333334,0.5833333333333334,1.0,32
adaptive_seed3,trot,0.35,0.48,0.4,0.6,0.625,0.625,0.625,1.0,32
adaptive_seed3,trot,0.35,0.48,0.4,0.65,0.6666666666666666,0.6666666666666666,0.6666666666666666,1.0,32
adaptive_seed3,trot,0.35,0.48,0.4,0.7,0.7083333333333334,0.7083333333333334,0.7083333333333334,1.0,32
adaptive_seed3,trot,0.35,0.48,0.4,0.75,0.75,0.75,0.75,1.0,32
adaptive_seed3,trot,0.35,0.48,0.5,0.5,0.5364583333333334,0.5364583333333334,0.5416666666666667,0.0,32
adaptive_seed3,trot,0.35,0.48,0.5,0.55,0.5833333333333334,0.5833333333333334,0.5833333333333334,1.0,32
adaptive_seed3,trot,0.35,0.48,0.5,0.6,0.625,0.625,0.625,1.0,32
adaptive_seed3,trot,0.35,0.48,0.5,0.65,0.6666666666666666,0.6666666666666666,0.6666666666666666,1.0,32
adaptive_seed3,trot,0.35,0.48,0.5,0.7,0.7083333333333334,0.7083333333333334,0.7083333333333334,1.0,32
adaptive_seed3,trot,0.35,0.48,0.5,0.75,0.75,0.75,0.75,1.0,32
adaptive_seed3,trot,0.4,0.48,0.1,0.5,0.546875,0.5462890625,0.546875,0.0,32
adaptive_seed3,trot,0.4,0.48,0.1,0.55,0.59375,0.5879557291666666,0.59375,0.0,32
adaptive_seed3,trot,0.4,0.48,0.1,0.6,0.625,0.625,0.625,1.0,32
adaptive_seed3,trot,0.4,0.48,0.1,0.65,0.6666666666666666,0.6666666666666666,0.6666666666666666,1.0,32
adaptive_seed3,trot,0.4,0.48,0.1,0.7,0.7083333333333334,0.7083333333333334,0.7083333333333334,1.0,32
adaptive_seed3,trot,0.4,0.48,0.1,0.75,0.75,0.75,0.75,1.0,32
adaptive_seed3,trot,0.4,0.48,0.2,0.5,0.5455729166666667,0.5442708333333334,0.546875,0.0,32
adaptive_seed3,trot,0.4,0.48,0.2,0.55,0.5833333333333334,0.5833333333333334,0.5833333333333334,1.0,32
adaptive_seed3,trot,0.4,0.48,0.2,0.6,0.625,0.625,0.625,1.0,32
adaptive_seed3,trot,0.4,0.48,0.2,0.65,0.6666666666666666,0.6666666666666666,0.6666666666666666,1.0,32
adaptive_seed3,trot,0.4,0.48,0.2,0.7,0.7083333333333334,0.7083333333333334,0.7083333333333334,1.0,32
adaptive_seed3,trot,0.4,0.48,0.2,0.75,0.75,0.75,0.75,1.0,32
adaptive_seed3,trot,0.4,0.48,0.3,0.5,0.5520833333333334,0.5514973958333333,0.5520833333333334,0.0,32
adaptive_seed3,trot,0.4,0.48,0.3,0.55,0.5833333333333334,0.5833333333333334,0.5833333333333334,1.0,32
adaptive_seed3,trot,0.4,0.48,0.3,0.6,0.625,0.625,0.625,1.0,32
adaptive_seed3,trot,0.4,0.48,0.3,0.65,0.6666666666666666,0.6666666666666666,0.6666666666666666,1.0,32
adaptive_seed3,trot,0.4,0.48,0.3,0.7,0.7083333333333334,0.7083333333333334,0.7083333333333334,1.0,32
adaptive_seed3,trot,0.4,0.48,0.3,0.75,0.75,0.75,0.75,1.0,32
adaptive_seed3,trot,0.4,0.48,0.4,0.5,0.53125,0.53125,0.5318359375,0.0,32
adaptive_seed3,trot,0.4,0.48,0.4,0.55,0.5833333333333334,0.5833333333333334,0.5833333333333334,1.0,32
adaptive_seed3,trot,0.4,0.48,0.4,0.6,0.625,0.625,0.625,1.0,32
adaptive_seed3,trot,0.4,0.48,0.4,0.65,0.6666666666666666,0.6666666666666666,0.6666666666666666,1.0,32
adaptive_seed3,trot,0.4,0.48,0.4,0.7,0.7083333333333334,0.7083333333333334,0.7083333333333334,1.0,32
adaptive_seed3,trot,0.4,0.48,0.4,0.75,0.75,0.75,0.75,1.0,32
adaptive_seed3,trot,0.4,0.48,0.5,0.5,0.5416666666666666,0.5410807291666666,0.5442708333333334,0.0,32
adaptive_seed3,trot,0.4,0.48,0.5,0.55,0.5833333333333334,0.5833333333333334,0.5833333333333334,1.0,32
adaptive_seed3,trot,0.4,0.48,0.5,0.6,0.625,0.625,0.625,1.0,32
adaptive_seed3,trot,0.4,0.48,0.5,0.65,0.6666666666666666,0.6666666666666666,0.6666666666666666,1.0,32
adaptive_seed3,trot,0.4,0.48,0.5,0.7,0.7083333333333334,0.7083333333333334,0.7083333333333334,1.0,32
adaptive_seed3,trot,0.4,0.48,0.5,0.75,0.75,0.75,0.75,1.0,32
adaptive_seed3,walk,0.25,0.48,0.1,0.5,0.6171875,0.6119791666666667,0.6177734375,0.0,32
adaptive_seed3,walk,0.25,0.48,0.1,0.55,0.6536458333333334,0.6510416666666667,0.65625,0.0,32
adaptive_seed3,walk,0.25,0.48,0.1,0.6,0.6770833333333333,0.6770833333333333,0.6770833333333333,0.0,32
adaptive_seed3,walk,0.25,0.48,0.1,0.65,0.6875,0.6875,0.6875,0.0,32
adaptive_seed3,walk,0.25,0.48,0.1,0.7,0.71875,0.71875,0.71875,0.0,32
adaptive_seed3,walk,0.25,0.48,0.1,0.75,0.7604166666666666,0.7604166666666666,0.7604166666666666,0.0,32
adaptive_seed3,walk,0.25,0.48,0.2,0.5,0.609375,0.609375,0.6119791666666667,0.0,32
adaptive_seed3,walk,0.25,0.48,0.2,0.55,0.6354166666666667,0.6354166666666667,0.6354166666666667,0.0,32
adaptive_seed3,walk,0.25,0.48,0.2,0.6,0.6770833333333333,0.6770833333333333,0.6770833333333333,0.0,32
adaptive_seed3,walk,0.25,0.48,0.2,0.65,0.6875,0.6875,0.6875,0.0,32
adaptive_seed3,walk,0.25,0.48,0.2,0.7,0.71875,0.71875,0.71875,0.0,32
adaptive_seed3,walk,0.25,0.48,0.2,0.75,0.75,0.75,0.75,1.0,32
adaptive_seed3,walk,0.25,0.48,0.3,0.5,0.6067708333333334,0.6041666666666667,0.609375,0.0,32
adaptive_seed3,walk,0.25,0.48,0.3,0.55,0.6354166666666667,0.6354166666666667,0.6354166666666667,0.0,32
adaptive_seed3,walk,0.25,0.48,0.3,0.6,0.6770833333333333,0.6770833333333333,0.6770833333333333,0.0,32
adaptive_seed3,walk,0.25,0.48,0.3,0.65,0.6875,0.6875,0.6875,0.0,32
adaptive_seed3,walk,0.25,0.48,0.3,0.7,0.71875,0.71875,0.71875,0.0,32
adaptive_seed3,walk,0.25,0.48,0.3,0.75,0.75,0.75,0.75,1.0,32
adaptive_seed3,walk,0.25,0.48,0.4,0.5,0.5989583333333334,0.5957682291666667,0.6015625,0.0,32
adaptive_seed3,walk,0.25,0.48,0.4,0.55,0.6354166666666667,0.6354166666666667,0.6354166666666667,0.0,32
adaptive_seed3,walk,0.25,0.48,0.4,0.6,0.6666666666666666,0.6660807291666666,0.6666666666666666,0.0,32
adaptive_seed3,walk,0.25,0.48,0.4,0.65,0.6875,0.6875,0.6875,0.0,32
adaptive_seed3,walk,0.25,0.48,0.4,0.7,0.71875,0.71875,0.71875,0.0,32
adaptive_seed3,walk,0.25,0.48,0.4,0.75,0.75,0.75,0.75,1.0,32
adaptive_seed3,walk,0.25,0.48,0.5,0.5,0.6015625,0.5989583333333334,0.6041666666666667,0.0,32
adaptive_seed3,walk,0.25,0.48,0.5,0.55,0.6276041666666667,0.625,0.6354166666666667,0.0,32
adaptive_seed3,walk,0.25,0.48,0.5,0.6,0.65625,0.65625,0.65625,0.0,32
adaptive_seed3,walk,0.25,0.48,0.5,0.65,0.6875,0.6875,0.6875,0.0,32
adaptive_seed3,walk,0.25,0.48,0.5,0.7,0.71875,0.71875,0.71875,0.0,32
adaptive_seed3,walk,0.25,0.48,0.5,0.75,0.75,0.75,0.75,1.0,32
adaptive_seed3,walk,0.3,0.48,0.1,0.5,0.6041666666666667,0.6041666666666667,0.6041666666666667,0.0,32
adaptive_seed3,walk,0.3,0.48,0.1,0.55,0.6458333333333334,0.6426432291666667,0.6458333333333334,0.0,32
adaptive_seed3,walk,0.3,0.48,0.1,0.6,0.6770833333333333,0.6770833333333333,0.6770833333333333,0.0,32
adaptive_seed3,walk,0.3,0.48,0.1,0.65,0.6875,0.6875,0.6875,0.0,32
adaptive_seed3,walk,0.3,0.48,0.1,0.7,0.71875,0.71875,0.71875,0.0,32
adaptive_seed3,walk,0.3,0.48,0.1,0.75,0.75,0.75,0.75,1.0,32
adaptive_seed3,walk,0.3,0.48,0.2,0.5,0.6041666666666667,0.6041666666666667,0.6041666666666667,0.0,32
adaptive_seed3,walk,0.3,0.48,0.2,0.55,0.6354166666666667,0.6354166666666667,0.6354166666666667,0.0,32
adaptive_seed3,walk,0.3,0.48,0.2,0.6,0.6770833333333333,0.6770833333333333,0.6770833333333333,0.0,32
adaptive_seed3,walk,0.3,0.48,0.2,0.65,0.6875,0.6875,0.6875,0.0,32
adaptive_seed3,walk,0.3,0.48,0.2,0.7,0.71875,0.71875,0.71875,0.0,32
adaptive_seed3,walk,0.3,0.48,0.2,0.75,0.75,0.75,0.75,1.0,32
adaptive_seed3,walk,0.3,0.48,0.3,0.5,0.6041666666666667,0.6041666666666667,0.6041666666666667,0.0,32
adaptive_seed3,walk,0.3,0.48,0.3,0.55,0.6354166666666667,0.6354166666666667,0.6354166666666667,0.0,32
adaptive_seed3,walk,0.3,0.48,0.3,0.6,0.671875,0.6712890625,0.6744791666666666,0.0,32
adaptive_seed3,walk,0.3,0.48,0.3,0.65,0.6875,0.6875,0.6875,0.0,32
adaptive_seed3,walk,0.3,0.48,0.3,0.7,0.71875,0.71875,0.71875,0.0,32
adaptive_seed3,walk,0.3,0.48,0.3,0.75,0.75,0.75,0.75,1.0,32
adaptive_seed3,walk,0.3,0.48,0.4,0.5,0.59375,0.59375,0.59375,0.0,32
adaptive_seed3,walk,0.3,0.48,0.4,0.55,0.6354166666666667,0.6354166666666667,0.6354166666666667,0.0,32
adaptive_seed3,walk,0.3,0.48,0.4,0.6,0.6614583333333333,0.65625,0.6614583333333333,0.0,32
adaptive_seed3,walk,0.3,0.48,0.4,0.65,0.6875,0.6875,0.6875,0.0,32
adaptive_seed3,walk,0.3,0.48,0.4,0.7,0.71875,0.71875,0.71875,0.0,32
adaptive_seed3,walk,0.3,0.48,0.4,0.75,0.75,0.75,0.75,1.0,32
adaptive_seed3,walk,0.3,0.48,0.5,0.5,0.59375,0.5905598958333333,0.59375,0.0,32
adaptive_seed3,walk,0.3,0.48,0.5,0.55,0.6263020833333334,0.625,0.6302083333333334,0.0,32
adaptive_seed3,walk,0.3,0.48,0.5,0.6,0.65625,0.65625,0.65625,0.0,32
adaptive_seed3,walk,0.3,0.48,0.5,0.65,0.6875,0.6875,0.6875,0.0,32
adaptive_seed3,walk,0.3,0.48,0.5,0.7,0.71875,0.71875,0.71875,0.0,32
adaptive_seed3,walk,0.3,0.48,0.5,0.75,0.75,0.75,0.75,1.0,32
adaptive_seed3,walk,0.35,0.48,0.1,0.5,0.6041666666666667,0.6041666666666667,0.6041666666666667,0.0,32
adaptive_seed3,walk,0.35,0.48,0.1,0.55,0.6354166666666667,0.6354166666666667,0.6354166666666667,0.0,32
adaptive_seed3,walk,0.35,0.48,0.1,0.6,0.6770833333333333,0.6770833333333333,0.6770833333333333,0.0,32
adaptive_seed3,walk,0.35,0.48,0.1,0.65,0.6875,0.6875,0.6875,0.0,32
adaptive_seed3,walk,0.35,0.48,0.1,0.7,0.71875,0.71875,0.71875,0.0,32
adaptive_seed3,walk,0.35,0.48,0.1,0.75,0.75,0.75,0.75,1.0,32
adaptive_seed3,walk,0.35,0.48,0.2,0.5,0.6041666666666667,0.6041666666666667,0.6041666666666667,0.0,32
adaptive_seed3,walk,0.35,0.48,0.2,0.55,0.6354166666666667,0.6354166666666667,0.6354166666666667,0.0,32
adaptive_seed3,walk,0.35,0.48,0.2,0.6,0.671875,0.6692708333333333,0.6744791666666666,0.0,32
adaptive_seed3,walk,0.35,0.48,0.2,0.65,0.6875,0.6875,0.6875,0.0,32
adaptive_seed3,walk,0.35,0.48,0.2,0.7,0.71875,0.71875,0.71875,0.0,32
adaptive_seed3,walk,0.35,0.48,0.2,0.75,0.75,0.75,0.75,1.0,32
adaptive_seed3,walk,0.35,0.48,0.3,0.5,0.6041666666666667,0.6041666666666667,0.6041666666666667,0.0,32
adaptive_seed3,walk,0.35,0.48,0.3,0.55,0.6354166666666667,0.6354166666666667,0.6354166666666667,0.0,32
adaptive_seed3,walk,0.35,0.48,0.3,0.6,0.65625,0.6536458333333334,0.65625,0.0,32
adaptive_seed3,walk,0.35,0.48,0.3,0.65,0.6875,0.6875,0.6875,0.0,32
adaptive_seed3,walk,0.35,0.48,0.3,0.7,0.71875,0.71875,0.71875,0.0,32
adaptive_seed3,walk,0.35,0.48,0.3,0.75,0.75,0.75,0.75,1.0,32
adaptive_seed3,walk,0.35,0.48,0.4,0.5,0.59375,0.59375,0.59375,0.0,32
adaptive_seed3,walk,0.35,0.48,0.4,0.55,0.6354166666666667,0.6354166666666667,0.6354166666666667,0.0,32
adaptive_seed3,walk,0.35,0.48,0.4,0.6,0.6458333333333334,0.6458333333333334,0.6510416666666666,0.0,32
adaptive_seed3,walk,0.35,0.48,0.4,0.65,0.6875,0.6875,0.6875,0.0,32
adaptive_seed3,walk,0.35,0.48,0.4,0.7,0.71875,0.71875,0.71875,0.0,32
adaptive_seed3,walk,0.35,0.48,0.4,0.75,0.75,0.75,0.75,1.0,32
adaptive_seed3,walk,0.35,0.48,0.5,0.5,0.5885416666666666,0.5885416666666666,0.5891276041666667,0.0,32
adaptive_seed3,walk,0.35,0.48,0.5,0.55,0.625,0.625,0.625,0.0,32
adaptive_seed3,walk,0.35,0.48,0.5,0.6,0.65625,0.65625,0.65625,0.0,32
adaptive_seed3,walk,0.35,0.48,0.5,0.65,0.6875,0.6875,0.6875,0.0,32
adaptive_seed3,walk,0.35,0.48,0.5,0.7,0.71875,0.71875,0.71875,0.0,32
adaptive_seed3,walk,0.35,0.48,0.5,0.75,0.75,0.75,0.75,1.0,32
adaptive_seed3,walk,0.4,0.48,0.1,0.5,0.6041666666666667,0.6041666666666667,0.6041666666666667,0.0,32
adaptive_seed3,walk,0.4,0.48,0.1,0.55,0.6354166666666667,0.6354166666666667,0.6354166666666667,0.0,32
adaptive_seed3,walk,0.4,0.48,0.1,0.6,0.6770833333333333,0.6770833333333333,0.6770833333333333,0.0,32
adaptive_seed3,walk,0.4,0.48,0.1,0.65,0.6875,0.6875,0.6875,0.0,32
adaptive_seed3,walk,0.4,0.48,0.1,0.7,0.71875,0.71875,0.71875,0.0,32
adaptive_seed3,walk,0.4,0.48,0.1,0.75,0.75,0.75,0.75,1.0,32
adaptive_seed3,walk,0.4,0.48,0.2,0.5,0.6041666666666667,0.6041666666666667,0.6041666666666667,0.0,32
adaptive_seed3,walk,0.4,0.48,0.2,0.55,0.6354166666666667,0.6354166666666667,0.6354166666666667,0.0,32
adaptive_seed3,walk,0.4,0.48,0.2,0.6,0.6666666666666666,0.6666666666666666,0.6666666666666666,0.0,32
adaptive_seed3,walk,0.4,0.48,0.2,0.65,0.6875,0.6875,0.6875,0.0,32
adaptive_seed3,walk,0.4,0.48,0.2,0.7,0.71875,0.71875,0.71875,0.0,32
adaptive_seed3,walk,0.4,0.48,0.2,0.75,0.75,0.75,0.75,1.0,32
adaptive_seed3,walk,0.4,0.48,0.3,0.5,0.6041666666666667,0.6041666666666667,0.6041666666666667,0.0,32
adaptive_seed3,walk,0.4,0.48,0.3,0.55,0.6354166666666667,0.6354166666666667,0.6354166666666667,0.0,32
adaptive_seed3,walk,0.4,0.48,0.3,0.6,0.65625,0.65625,0.65625,0.0,32
adaptive_seed3,walk,0.4,0.48,0.3,0.65,0.6875,0.6875,0.6875,0.0,32
adaptive_seed3,walk,0.4,0.48,0.3,0.7,0.71875,0.71875,0.71875,0.0,32
adaptive_seed3,walk,0.4,0.48,0.3,0.75,0.75,0.75,0.75,1.0,32
adaptive_seed3,walk,0.4,0.48,0.4,0.5,0.59375,0.59375,0.59375,0.0,32
adaptive_seed3,walk,0.4,0.48,0.4,0.55,0.6328125,0.6302083333333334,0.6354166666666667,0.0,32
adaptive_seed3,walk,0.4,0.48,0.4,0.6,0.6458333333333334,0.6458333333333334,0.6458333333333334,0.0,32
adaptive_seed3,walk,0.4,0.48,0.4,0.65,0.6875,0.6875,0.6875,0.0,32
adaptive_seed3,walk,0.4,0.48,0.4,0.7,0.71875,0.71875,0.71875,0.0,32
adaptive_seed3,walk,0.4,0.48,0.4,0.75,0.75,0.75,0.75,1.0,32
adaptive_seed3,walk,0.4,0.48,0.5,0.5,0.5885416666666666,0.5859375,0.5891276041666667,0.0,32
adaptive_seed3,walk,0.4,0.48,0.5,0.55,0.625,0.625,0.625,0.0,32
adaptive_seed3,walk,0.4,0.48,0.5,0.6,0.6458333333333334,0.6458333333333334,0.6458333333333334,0.0,32
adaptive_seed3,walk,0.4,0.48,0.5,0.65,0.6875,0.6875,0.6875,0.0,32
adaptive_seed3,walk,0.4,0.48,0.5,0.7,0.71875,0.71875,0.71875,0.0,32
adaptive_seed3,walk,0.4,0.48,0.5,0.75,0.75,0.75,0.75,1.0,32
high_duty_walk_seed4,walk,0.25,0.48,0.1,0.75,0.7604166666666666,0.7604166666666666,0.7604166666666666,0.0,32
high_duty_walk_seed4,walk,0.25,0.48,0.1,0.8,0.8229166666666667,0.8229166666666667,0.8229166666666667,1.0,32
high_duty_walk_seed4,walk,0.25,0.48,0.1,0.85,0.8437500000000001,0.8437500000000001,0.8489583333333334,0.0,32
high_duty_walk_seed4,walk,0.25,0.48,0.1,0.9,0.875,0.875,0.875,0.0,32
high_duty_walk_seed4,walk,0.25,0.48,0.2,0.75,0.7604166666666666,0.7604166666666666,0.7604166666666666,0.0,32
high_duty_walk_seed4,walk,0.25,0.48,0.2,0.8,0.8229166666666667,0.8229166666666667,0.8229166666666667,1.0,32
high_duty_walk_seed4,walk,0.25,0.48,0.2,0.85,0.8541666666666667,0.8541666666666667,0.8541666666666667,0.0,32
high_duty_walk_seed4,walk,0.25,0.48,0.2,0.9,0.875,0.875,0.875,0.0,32
high_duty_walk_seed4,walk,0.25,0.48,0.3,0.75,0.7604166666666666,0.7604166666666666,0.7604166666666666,0.0,32
high_duty_walk_seed4,walk,0.25,0.48,0.3,0.8,0.8229166666666667,0.8229166666666667,0.8229166666666667,1.0,32
high_duty_walk_seed4,walk,0.25,0.48,0.3,0.85,0.8541666666666667,0.8541666666666667,0.8541666666666667,0.0,32
high_duty_walk_seed4,walk,0.25,0.48,0.3,0.9,0.875,0.875,0.875,0.0,32
high_duty_walk_seed4,walk,0.25,0.48,0.4,0.75,0.7604166666666666,0.7604166666666666,0.7604166666666666,0.0,32
high_duty_walk_seed4,walk,0.25,0.48,0.4,0.8,0.8229166666666667,0.8229166666666667,0.8229166666666667,1.0,32
high_duty_walk_seed4,walk,0.25,0.48,0.4,0.85,0.8541666666666667,0.8541666666666667,0.8541666666666667,0.0,32
high_duty_walk_seed4,walk,0.25,0.48,0.4,0.9,0.875,0.875,0.875,0.0,32
high_duty_walk_seed4,walk,0.25,0.48,0.5,0.75,0.7604166666666666,0.7604166666666666,0.7604166666666666,0.0,32
high_duty_walk_seed4,walk,0.25,0.48,0.5,0.8,0.8229166666666667,0.8229166666666667,0.8229166666666667,1.0,32
high_duty_walk_seed4,walk,0.25,0.48,0.5,0.85,0.8541666666666667,0.8541666666666667,0.8541666666666667,0.0,32
high_duty_walk_seed4,walk,0.25,0.48,0.5,0.9,0.8854166666666666,0.8854166666666666,0.8854166666666666,0.0,32
high_duty_walk_seed4,walk,0.3,0.48,0.1,0.75,0.7604166666666666,0.7604166666666666,0.7604166666666666,0.0,32
high_duty_walk_seed4,walk,0.3,0.48,0.1,0.8,0.8229166666666667,0.8229166666666667,0.8229166666666667,1.0,32
high_duty_walk_seed4,walk,0.3,0.48,0.1,0.85,0.8437500000000001,0.8437500000000001,0.8521484375000001,0.0,32
high_duty_walk_seed4,walk,0.3,0.48,0.1,0.9,0.875,0.875,0.875,0.0,32
high_duty_walk_seed4,walk,0.3,0.48,0.2,0.75,0.7604166666666666,0.7604166666666666,0.7604166666666666,0.0,32
high_duty_walk_seed4,walk,0.3,0.48,0.2,0.8,0.8229166666666667,0.8229166666666667,0.8229166666666667,1.0,32
high_duty_walk_seed4,walk,0.3,0.48,0.2,0.85,0.8437500000000001,0.8437500000000001,0.8437500000000001,0.03125,32
high_duty_walk_seed4,walk,0.3,0.48,0.2,0.9,0.875,0.875,0.875,0.0,32
high_duty_walk_seed4,walk,0.3,0.48,0.3,0.75,0.7604166666666666,0.7604166666666666,0.7604166666666666,0.0,32
high_duty_walk_seed4,walk,0.3,0.48,0.3,0.8,0.8229166666666667,0.8229166666666667,0.8229166666666667,1.0,32
high_duty_walk_seed4,walk,0.3,0.48,0.3,0.85,0.8463541666666667,0.8437500000000001,0.8541666666666667,0.9375,32
high_duty_walk_seed4,walk,0.3,0.48,0.3,0.9,0.875,0.875,0.875,0.0,32
high_duty_walk_seed4,walk,0.3,0.48,0.4,0.75,0.7604166666666666,0.7604166666666666,0.7604166666666666,0.0,32
high_duty_walk_seed4,walk,0.3,0.48,0.4,0.8,0.8229166666666667,0.8229166666666667,0.8229166666666667,1.0,32
high_duty_walk_seed4,walk,0.3,0.48,0.4,0.85,0.8437500000000001,0.8437500000000001,0.8437500000000001,0.0,32
high_duty_walk_seed4,walk,0.3,0.48,0.4,0.9,0.875,0.875,0.875,0.0,32
high_duty_walk_seed4,walk,0.3,0.48,0.5,0.75,0.7604166666666666,0.7604166666666666,0.7604166666666666,0.0,32
high_duty_walk_seed4,walk,0.3,0.48,0.5,0.8,0.8229166666666667,0.8229166666666667,0.8229166666666667,1.0,32
high_duty_walk_seed4,walk,0.3,0.48,0.5,0.85,0.8463541666666667,0.8437500000000001,0.8541666666666667,0.0,32
high_duty_walk_seed4,walk,0.3,0.48,0.5,0.9,0.875,0.875,0.875,0.0,32
high_duty_walk_seed4,walk,0.35,0.48,0.1,0.75,0.7604166666666666,0.7604166666666666,0.7604166666666666,0.0,32
high_duty_walk_seed4,walk,0.35,0.48,0.1,0.8,0.8229166666666667,0.8229166666666667,0.8229166666666667,1.0,32
high_duty_walk_seed4,walk,0.35,0.48,0.1,0.85,0.8437500000000001,0.8437500000000001,0.8463541666666667,0.0,32
high_duty_walk_seed4,walk,0.35,0.48,0.1,0.9,0.875,0.875,0.875,0.0,32
high_duty_walk_seed4,walk,0.35,0.48,0.2,0.75,0.7604166666666666,0.7604166666666666,0.7604166666666666,0.0,32
high_duty_walk_seed4,walk,0.35,0.48,0.2,0.8,0.8229166666666667,0.8229166666666667,0.8229166666666667,1.0,32
high_duty_walk_seed4,walk,0.35,0.48,0.2,0.85,0.8437500000000001,0.8437500000000001,0.8437500000000001,1.0,32
high_duty_walk_seed4,walk,0.35,0.48,0.2,0.9,0.875,0.875,0.875,0.0,32
high_duty_walk_seed4,walk,0.35,0.48,0.3,0.75,0.7604166666666666,0.7604166666666666,0.7604166666666666,0.0,32
high_duty_walk_seed4,walk,0.35,0.48,0.3,0.8,0.8229166666666667,0.8229166666666667,0.8229166666666667,1.0,32
high_duty_walk_seed4,walk,0.35,0.48,0.3,0.85,0.8437500000000001,0.8437500000000001,0.8489583333333334,0.96875,32
high_duty_walk_seed4,walk,0.35,0.48,0.3,0.9,0.875,0.875,0.875,0.0,32
high_duty_walk_seed4,walk,0.35,0.48,0.4,0.75,0.7604166666666666,0.7604166666666666,0.7604166666666666,0.0,32
high_duty_walk_seed4,walk,0.35,0.48,0.4,0.8,0.8229166666666667,0.8229166666666667,0.8229166666666667,1.0,32
high_duty_walk_seed4,walk,0.35,0.48,0.4,0.85,0.8437500000000001,0.8437500000000001,0.8437500000000001,0.0,32
high_duty_walk_seed4,walk,0.35,0.48,0.4,0.9,0.875,0.875,0.875,0.0,32
high_duty_walk_seed4,walk,0.35,0.48,0.5,0.75,0.7604166666666666,0.7604166666666666,0.7604166666666666,0.0,32
high_duty_walk_seed4,walk,0.35,0.48,0.5,0.8,0.8229166666666667,0.8229166666666667,0.8229166666666667,1.0,32
high_duty_walk_seed4,walk,0.35,0.48,0.5,0.85,0.8437500000000001,0.8437500000000001,0.8437500000000001,0.0,32
high_duty_walk_seed4,walk,0.35,0.48,0.5,0.9,0.875,0.875,0.875,0.0,32
high_duty_walk_seed4,walk,0.4,0.48,0.1,0.75,0.7604166666666666,0.7604166666666666,0.7604166666666666,0.0,32
high_duty_walk_seed4,walk,0.4,0.48,0.1,0.8,0.8229166666666667,0.8229166666666667,0.8229166666666667,1.0,32
high_duty_walk_seed4,walk,0.4,0.48,0.1,0.85,0.8437500000000001,0.8437500000000001,0.8437500000000001,0.0,32
high_duty_walk_seed4,walk,0.4,0.48,0.1,0.9,0.875,0.875,0.875,0.0,32
high_duty_walk_seed4,walk,0.4,0.48,0.2,0.75,0.7604166666666666,0.7604166666666666,0.7604166666666666,0.0,32
high_duty_walk_seed4,walk,0.4,0.48,0.2,0.8,0.8229166666666667,0.8229166666666667,0.8229166666666667,1.0,32
high_duty_walk_seed4,walk,0.4,0.48,0.2,0.85,0.8437500000000001,0.8437500000000001,0.8437500000000001,0.8125,32
high_duty_walk_seed4,walk,0.4,0.48,0.2,0.9,0.875,0.875,0.875,0.0,32
high_duty_walk_seed4,walk,0.4,0.48,0.3,0.75,0.7604166666666666,0.7604166666666666,0.7604166666666666,0.0,32
high_duty_walk_seed4,walk,0.4,0.48,0.3,0.8,0.8229166666666667,0.8229166666666667,0.8229166666666667,1.0,32
high_duty_walk_seed4,walk,0.4,0.48,0.3,0.85,0.8437500000000001,0.8437500000000001,0.8541666666666667,0.25,32
high_duty_walk_seed4,walk,0.4,0.48,0.3,0.9,0.875,0.875,0.875,0.0,32
high_duty_walk_seed4,walk,0.4,0.48,0.4,0.75,0.7604166666666666,0.7604166666666666,0.7604166666666666,0.0,32
high_duty_walk_seed4,walk,0.4,0.48,0.4,0.8,0.8229166666666667,0.8229166666666667,0.8229166666666667,1.0,32
high_duty_walk_seed4,walk,0.4,0.48,0.4,0.85,0.8437500000000001,0.8437500000000001,0.8437500000000001,0.0,32
high_duty_walk_seed4,walk,0.4,0.48,0.4,0.9,0.875,0.875,0.875,0.0,32
high_duty_walk_seed4,walk,0.4,0.48,0.5,0.75,0.7604166666666666,0.7604166666666666,0.7604166666666666,0.0,32
high_duty_walk_seed4,walk,0.4,0.48,0.5,0.8,0.8229166666666667,0.8229166666666667,0.8229166666666667,1.0,32
high_duty_walk_seed4,walk,0.4,0.48,0.5,0.85,0.8437500000000001,0.8437500000000001,0.8437500000000001,0.0,32
high_duty_walk_seed4,walk,0.4,0.48,0.5,0.9,0.875,0.875,0.875,0.0,32
